Ⅰ．景気の現状に対する判断理由,,,,,
,,,,,
　景気の現状に対する判断の理由について、その主だったもの及び特徴的と考えられるものを取りまとめると以下のとおりであった。,,,,,
,,,,,
,,,,,
　１．北海道,,,,,
,,,,（－：回答が存在しない、＊：主だった回答等が存在しない）,
分野,,景気の現状判断,業種・職種,景気の現状に対する判断理由,
"家計
動向
関連

(北海道)",,◎,－,－,
,,○,百貨店（売場主任）,,・そごうデパート閉店の影響で、新規の客が増加し、婦人服を中心に食品、リビング等、全体的に安定して増加している。
,,○,百貨店（販売促進担当）,,・来客数が増加している。特に婦人服、食料品の部門でこの傾向が著しい。
,,○,スーパー（店長）,,・雪が少なく移動に障害が少ないこともあり、人の流れが良く、客の購買意欲も向上している。
,,○,コンビニ（エリア担当）,,・来客数が例年並みに回復し、客の買上個数も増加している。
,,○,コンビニ（エリア担当）,,・来客数、買上個数ともに回復傾向にある。
,,○,一般レストラン（スタッフ）,,・中国、台湾からの団体客の利用が増加している。
,,○,タクシー運転手,,・３か月前に比べると、年始の需要期もあり、利用者が増加している。
,,○,美容室（経営者）,,・売上単価が上昇してきている。
,,□,商店街（代表者）,,"・今月は特に低温が続き、街に出る人がいない。
・依然として購買単価も低迷が続いている。"
,,□,百貨店（売場主任）,,・バーゲン商戦は健闘しているが、紳士服、婦人服、子供服の売上は減少している。
,,□,百貨店（売場主任）,,・売り尽くしセールを行っても、期待した売上を確保できない。
,,□,スーパー（企画担当）,,"・土、日曜日の天候が安定しており、来客数は好調である。
・野菜の価格高騰により客単価も上昇しているが、必要な物しか買わないという行動に変化がない。"
,,□,スーパー（店長）,,・来客数は増加したが、客単価が低下しており、売上増加につながらない。
,,□,コンビニ（エリア担当）,,・来客数は回復しているが、客単価が低迷したままである。
,,□,衣料品専門店（店長）,,・まとめ買いが少なく、来客数も減少したままである。
,,□,家電量販店（店長）,,・来客数は増加しているが、単品買いが中心であり、客単価は低下している。
,,□,家電量販店（店員）,,・低価格商品の売行きは良いが、高額商品の売上が伸びず、平均単価が低下しており、売上は横ばいである。
,,□,乗用車販売店（従業員）,,・依然として高額車の売行きが良くない。
,,□,乗用車販売店（従業員）,,・来店しても、商談に結び付かない客が多い。
,,□,自動車備品販売店（店長）,,・初売りセールでは、例年より売上が大幅に増加したが、10日以降は激減し、結局、売上に変化がない。
,,□,その他専門店［医薬品］（経営者）,,"・年始に期待したが、必要な物しか買わない状態が続いており、出鼻をくじかれた。
・６時以降の浮動客も減少している。"
,,□,観光型ホテル（経営者）,,・１月はＹ２Ｋ問題の反動もあり、前年に比べて観光客は若干増加しているが、客単価が上昇せず、売上が横ばいである。
,,□,旅行代理店（従業員）,,・売上が良い部門と悪い部門に分かれ、全体としてみると変わらない。
,,□,旅行代理店（従業員）,,・個人客の動向に変化がみられない。
,,□,旅行代理店（従業員）,,・来客数、申込件数は増加しているが、単価が低く、売上に変化がない。
,,□,タクシー運転手,,・１月は例年になく寒い日が多いので、利用客が増加すると思ったが、期待したほどの結果になっていない。
,,□,タクシー運転手,,・今月は寒波や大雪のせいで、日中の利用客は増加したが、夜間の利用客が少なく、全体的にみると売上が増加していない。
,,□,パチンコ店（店員）,,・来客数、客単価ともに変化がみられない。
,,□,美容室（経営者）,,・売上、来客数ともに増加していない。
,,□,美容室（経営者）,,・成人式、結婚式関連での利用が以前よりも少ない。
,,▲,商店街（代表者）,,・今月は寒波もあり、来客数が減少し、客単価も低下している。
,,▲,百貨店（売場主任）,,"・初売りから成人式までは全店の売上はまずまず好調であったが、中旬から下旬にかけてのイベントが不振である。
・婦人服飾雑貨部門だけは来客数が増加しており、実用性に加えファッショントレンドの流れもあり、防寒物でストールや手袋、婦人服が好調である。
・クリアランスセールをしても、安くても無駄なものは買わない消費パターンが依然として続いており、期待どおりの売上を確保できていない。"
,,▲,スーパー（店長）,,・客の買い控えが依然として続いている。
,,▲,衣料品専門店（店員）,,・前半のセール期間の反動で、中旬から来客数が減少している。
,,▲,家電量販店（店長）,,・パソコンの購入が増加しても単価は低下しているなど、高額商品の売上が減少している。
,,▲,住関連専門店（営業担当）,,・低温が続き積雪が多いため、除雪関連商品の動きは良いが、その他の商品の動きが鈍い。
,,▲,高級レストラン（スタッフ）,,・年始は予想以上に好調であったが、それ以降は客足が遠のいている。ディナーでは、予約客しか訪れず、来客数、売上ともに激減しており、特に飲物の状況が悪い。
,,▲,高級レストラン（経営者）,,・新年会等は例年と同様の傾向であるが、寒さが厳しいためか、フリーの客の来客数が非常に少ない。
,,▲,スナック（経営者）,,・20日ごろまでは新年会の流れの来客があったが、その後はほとんどない。天候も冷え込んで路面も悪く、来客数が減少している。
,,▲,スナック（経営者）,,・例年と違ってまるで客の流れが悪く、週末に来客数が増加する程度であり、売上が低迷している。
,,▲,スナック（経営者）,,・毎年１月の後半にかけて、新年会や会合が多くあったが、今年は15日以降の予約がほとんどない。
,,▲,観光型ホテル（スタッフ）,,・道外からのツアー客が大幅に減少している。
,,▲,タクシー運転手,,・金、土曜日の新年会に出席するために17:30～19:00ごろにかけてタクシー利用が増加するが、今年は例年になく閑散としている。
,,▲,観光名所（役員）,,・来客数の減少に加え、客単価も低下している。
,,▲,住宅販売会社（従業員）,,・土地の値下がりが止まらないので、景気の下げ止まりは終わっていない。
,,×,商店街（代表者）,,・今月は、成人式が終わってから来客数が極端に減少している。
,,×,百貨店（売場主任）,,・食品部門は催事があると売上が増加するが、紳士服、婦人服の衣料関係でコートを中心に売上状況が非常に厳しい。
,,×,スーパー（店長）,,・これまでは一点単価が低下してきたが、今月は来客数の減少が目立つ。
,,×,住宅販売会社（従業員）,,・高額商品を中心に、需要量が減少している。
"企業
動向
関連

(北海道)",,◎,－,－,
,,○,その他サービス業［建設機械レンタル］（総務担当）,,・機械の荷動きが好調である。
,,□,輸送業（総務担当）,,・取扱貨物量が横ばいの状態が続いている。
,,□,金融業（企画担当）,,・設備投資動向が低水準のままで、伸びていない。
,,□,その他サービス業［建設機械リース］（支店長）,,・大きな倒産がなく安定しており、正月が過ぎても、商品の動きは変わらない。
,,□,その他サービス業［建設機械リース］（従業員）,,・リース案件が依然低調であり、ほとんど変わっていない。
,,□,その他企業［コンベンション担当］（従業員）,,・１月は宴会数は多いが、客単価が低下している。
,,▲,輸送業（支店長）,,・12月中旬から年末にかけて荷動きに盛り上がりがなく、１月に入ってもこの状態が続いている。
,,▲,広告代理店（従業員）,,・流通関係は非常に好調だが、その他は伸び悩んでいる。
,,▲,司法書士,,・土地の売買、会社の登記がほとんどない。
,,×,食料品製造業（経営者）,,・例年に比べて、極端に荷動きが低迷している。
,,×,金属製品製造業（統括）,,・販売先となる住宅産業の住宅着工件数が減少している。
"雇用
関連

(北海道)",,◎,－,－,
,,○,求人情報誌製作会社（編集者）,,・建設関係の求人件数が大幅に伸びており、全体でみても増加傾向が続いている。
,,□,求人情報誌製作会社（編集者）,,・求人件数は増加しているが、新規求人の増加はあまりみられない。
,,□,求人情報誌製作会社（編集者）,,・卸業、小売業及びサービス業の求人件数は多少増加しているが、全体的に大きな変化はみられない。
,,□,新聞社［求人広告］（担当者）,,・新規雇用よりも、定年退職者を定額給与で嘱託として継続採用するケースが多い。定年退職者の穴埋めをする場合もパート、アルバイトが多く、採用側に正社員の新規採用に対する積極性がない。
,,□,職業安定所（職員）,,・新規求人数は大幅に伸びているが、内容はパート、派遣社員が中心であり、正社員の求人は厳しい状態であり、賃金も上昇していない。
,,▲,人材派遣会社（社員）,,・企業から欠員の補充と、正社員から派遣社員へシフトするための問い合わせが多く、正社員が採用されない状態が続いている。
,,▲,職業安定所（職員）,,・求人受理件数の伸び悩みと求職者の増加から有効求人倍率が全道平均にも及ばない。加えて有効求人の３分の１がパートであり、提出される求人の条件も悪く、ミスマッチ要素の強い求人が目立つ。
,,▲,職業安定所（職員）,,・新規求人数は、前年同月比で増加しているが、３か月前比較では大幅に減少しており、機械器具製造業の求人に一服感が表れている。
,,×,－,－,
,,,,,
　２．東北,,,,,
,,,,（－：回答が存在しない、＊：主だった回答等が存在しない）,
分野,,景気の現状判断,業種・職種,景気の現状に対する判断理由,
"家計
動向
関連

(東北)",,◎,－,,―
,,○,一般小売店［茶］（経営者）,,・近所に大型店が４店舗あるが、わざわざ当店に立ち寄って買う客が増えている。
,,○,一般小売店［スポーツ用品］（総務担当）,,・冬らしい天候で冬物の売行きが順調である。
,,○,乗用車販売店（従業員）,,・雪や寒さの影響で、季節感のある商品が売れている。
,,○,乗用車販売店（営業担当）,,・新卒者の需要により来場者数が増加している。
,,○,タクシー運転手,,・以前と比べ客足が途切れず近距離利用の客も増えた。
,,○,設計事務所（職員）,,・省庁再編関連で停止していた国、県などの予算が執行され出し仕事が増えている。
,,□,百貨店（総務担当）,,・冬物バーゲンは、客にとって一番買い得であるが、それでも売上が増加せず、特に紳士物の売れ行きが悪い。
,,□,百貨店（売場主任）,,・マークダウン商品は売れているが、全体的に悪い状態で落ち着いている。
,,□,百貨店（売場主任）,,"・客が低価格商品を買い求めている。
・福袋の完売までに時間がかかった。"
,,□,スーパー（従業員）,,・11月のキャンペーン効果が続き、来客数は減少しているものの売上の減少は小さい。
,,□,スーパー（経理担当）,,・客単価が上昇している。
,,□,スーパー（店長）,,・悪天候と野菜の相場高の影響で客単価は多少回復しているが、一時的なものである。
,,□,スーパー（店員）,,・客の購買意欲に変化はなく、購買意欲をそそる商品もない。
,,□,スーパー（店長）,,"・バラ売りや低単価商品を求める客が多く、買上点数は変わらないが、１品単価と客単価が低下している。
・客数に変化がない。"
,,□,スーパー（経営者）,,・寒波が続いているのに、衣料や住居関連用品の売上が横ばい状態で、来客数に比べ客単価の低下が著しい。
,,□,コンビニ（エリア担当）,,・来客数は回復傾向にあるが、キャンペーンの効果が出ない。
,,□,衣料品専門店（経営者）,,・初売りは天候不順で最悪の結果となったが、寒さのために冬物が売れている。
,,□,乗用車販売店（営業担当）,,・寒波で客足が鈍く、車両販売は横ばい、サービス需要はやや伸びているが、全体では変わらない。
,,□,乗用車販売店（経営者）,,・来客数が増え、新車売上は前年を上回っているが整備関係、特に車検は苦戦している。
,,□,その他専門店［酒類］（経営者）,,・既存店の売上が、前年並みに戻っている。
,,□,その他専門店［ガソリンスタンド］（経理担当）,,・厳しい寒さで灯油の販売は好調であったが、大雪のため洗車の客が激減した。
,,□,一般レストラン（経営者）,,"・イートインの客が減少している。
・客層が高級志向と低価格志向に二分されている。"
,,□,観光型ホテル（経営者）,,・今月は建築、労働組合、自動車関係の団体客がやや多いが、総体的な来客数は伸びず変わらない。
,,□,都市型ホテル（経営者）,,・新年会など企業や団体からの申込は順調だが、食堂の個人客が減少している。
,,□,旅行代理店（従業員）,,・雪が上向き傾向にあった旅行業に影響を与えている。
,,□,タクシー運転手,,・大雪や寒さなどで売上はやや良いが変わらない。
,,□,通信会社（社員）,,・コスト意識が強く、１円でも安いものを求める客が多い。
,,□,通信会社（営業担当）,,・携帯電話機の出荷量に変化がない。
,,□,観光名所（職員）,,・客単価、売上ともに前年を下回っている。
,,□,競輪場（職員）,,・車券売上が依然低迷し、客単価も低迷している。
,,□,設計事務所（職員）,,・年度末の調整の受注はあるが、一時的なものである。
,,□,住宅販売会社（従業員）,,"・展示場来場者数、法人設備投資ともに減少している。
・安い物件は足が早いが高い物件は売れ残っている。"
,,□,住宅販売会社（従業員）,,・依然として住宅融資の審査が厳しく、個人住宅購入が困難になっている。
,,▲,一般小売店［スポーツ用品］（経営者）,,・初売りは良かったが、それ以降売上が３分の１にまで減少している。
,,▲,百貨店（広報担当）,,"・前半、中盤と週末に雪の影響を受け、後半にばん回したが、穴埋めできなかった。
・初売りやクリアランスセールが月初めに集中したため、客はそれ以降堅実な様子見をしている。"
,,▲,百貨店（企画担当）,,"・依然来客数が減少している。
・バーゲンでのヤングの購買力が低下し、ミセス層では初売りの福袋の買い控えが目立った。"
,,▲,百貨店（売場担当）,,・低価格商品でも買うのをためらう客が多く、若い女性もお金が無いから買えないという人が多い。
,,▲,百貨店（総務担当）,,"・今月新潟市内の大型ファッションビルが倒産した。
・年間最大のバーゲンが不調であった。"
,,▲,スーパー（企画担当）,,・12月後半以降週末ごとの悪天候によるまとめ買いで、客単価は上昇しているが、これまで続いてきた来客数の伸びは鈍っている。
,,▲,スーパー（総務担当）,,・３か月前より売上が減少している。
,,▲,スーパー（店長）,,・１品単価の低下が続き、ご馳走商品の売れ行きが鈍い。
,,▲,コンビニ（経営者）,,・各業種間の競争、特にオーバーストア、価格競争、地域的競合などにより利益確保が難しい。
,,▲,衣料品専門店（店長）,,・低価格のスーツなどディスカウント品でない廉価品に人気が集中しているため、客単価が低下している。
,,▲,衣料品専門店（店長）,,"・依然客単価が低下している。
・客は買うものを必要最低限に止め、その中で使い回している。"
,,▲,家電量販店（総務担当）,,・価格競争の激化により、利益が減少している。
,,▲,家電量販店（店長）,,"・必要なものしか買わず、衝動買いの客がいない。
・安いだけでなく、良い商品が安くなければ買わない。"
,,▲,乗用車販売店（従業員）,,・初売りは例年になく売上が悪く、小額では動いても高額商品が動かない。
,,▲,乗用車販売店（経営者）,,・客は、自動車が多少壊れても我慢して乗っている。
,,▲,乗用車販売店（企画担当）,,"・売上が悪い。
・新型車は出ているが高級車へ移行しない。"
,,▲,スナック（経営者）,,・新年会の予約が低調である。
,,▲,観光型旅館（経営者）,,"・今月からバス会社の大型ツアーと組み順調である。
・春先に大団体など目玉はあるが、地元の客の動きが悪い。"
,,▲,都市型ホテル（スタッフ）,,"・新年会の件数が減少し、規模も縮小している。
・客単価は前年から300円程度低下している。"
,,▲,通信会社（社員）,,・専用線によるインターネット接続の引き合いがなくなった。
,,▲,通信会社（営業担当）,,・電話使用料金が減少しており、より一層高い割引率が求められている。
,,▲,遊園地（職員）,,・週末ごとの雪の影響で売上が大きく落ち込んでいる。
,,▲,美容室（経営者）,,・平日の街は閑散としており、週末に集中的に売上を伸ばしてきたが、毎週末の大雪で売上が低下している。
,,▲,住宅販売会社（経営者）,,・来場者数が３割減少し、受注も減少している。
,,×,百貨店（売場主任）,,・大雪により生活コストが上昇し、生活必需品以外は売れない。
,,×,住関連専門店（経営者）,,・耐久消費財の売行きが落ちており、季節商材の売行きも足踏み状態である。
,,×,観光型ホテル（スタッフ）,,・予約状況が悪い。
,,×,競馬場（職員）,,・大雪で来場者数が減少し、買上単価も低下している。
,,×,住宅販売会社（従業員）,,"・来場者数が激減している。
・住宅購入の意志を持った客が少ない。"
"企業
動向
関連

(東北)",,◎,－,－,
,,○,食料品製造業（従業員）,,・例年この時期は季節商材が良く、通常商品が悪くなるが、今年は通常商品の動きも良い。
,,○,食料品製造業（経営者）,,・低価格帯の商品を中心に、販売額が前年比２けた増の伸びであるが、スーパーからの値引き要求が強く利益性は低下している。
,,□,農林水産業（従業者）,,・りんごの収穫の利益が低下している。
,,□,食料品製造業（経営者）,,・原料の仕入れ、受注、入金に変化がない。
,,□,電気機械器具製造業（従業員）,,・設備投資の一段落が依然続いている。
,,□,建設業（従業員）,,・特に変わった動きがみられない。
,,□,輸送業（経営者）,,・物流の状況が一進一退である。
,,□,通信業（企画担当）,,・IＴ化による設備投資の効果が出ている。
,,□,金融業（営業担当）,,・依然企業の財務リストラの動きがある。
,,▲,食料品製造業（従業員）,,・寒さと雪のため、観光客が来ず土産品店への販売が減少している。
,,▲,繊維工業（営業担当）,,・受注減と値引きが重なり厳しい状況である。
,,▲,電気機械器具製造業（経営者）,,"・メーカーの在庫調整のため、新規発注が細切れとなり採算性が低下している。
・値引き要求が一段と強くなっている。"
,,▲,電気機械器具製造業（従業員）,,・アメリカの景気減速で輸出が減少している。
,,▲,建設業（企画担当）,,"・工事の案件情報の量が全体的に減少している。
・建設投資が一服状況にある。特に分譲マンションへの投資は下降している。"
,,▲,建設業（従業員）,,"・大型工事を中心に工事量が減少している。
・中央大手ゼネコンも地方自治体工事をターゲットにしており、競争は厳しく収支も悪化している。"
,,▲,新聞販売店［広告］（店主）,,"・市内で飲食店を開いている読者が閉店した。
・元旦チラシが前年より更に減少し、商戦も消極的で景気を刺激しない。"
,,×,輸送業（従業員）,,"・大雪の影響で、物流費が増大している。
・軽油の値上がりが著しい。"
,,×,輸送業（従業員）,,・国内貨物、航空貨物、国際航空貨物それぞれ重量が減少している。
"雇用
関連

(東北)",,◎,－,－,
,,○,職業安定所（職員）,,・常用、パートともに新規求人が増加している。
,,□,アウトソーシング企業（社員）,,・ＨＰ作成会社などIＴ関連の起業の動きはあるが、大手旅行代理店の合併の影響などもあり、全体的に変わらない。
,,□,職業安定所（職員）,,・新規求人は依然増加傾向だが、新規求職者、有効求人倍率ともに横ばいである。
,,□,職業安定所（職員）,,・新規求人数が前年よりわずかに増加しているが、パート求人だけであり、一般求人が増えない。
,,□,職業安定所（職員）,,・求人は順調に推移しているが５名以下の小口求人が多く、増産体制による求人ではない。
,,□,職業安定所（職員）,,・新規求人はここ数か月高い水準で推移しているが、更新求人が半数を占め業種その他にあまり変化がみられない。
,,□,職業安定所（職員）,,・電気機械、医療福祉分野での求人が好調であるが、事業主都合の離職や若年層を中心とした求職者が増えている。
,,▲,人材派遣会社（社員）,,・客が求人に対し慎重になっている。
,,×,求人情報誌製作会社（編集者）,,・求人件数が減少している。
,,,,,
　３．北関東,,,,,
,,,,（－：回答が存在しない、＊：主だった回答等が存在しない）,
分野,,景気の現状判断,業種・職種,景気の現状に対する判断理由,
"家計
動向
関連

(北関東)",,◎,高級レストラン（経営者）,,・21世紀となり、例年になく忘年会、新年会の客が増加し、大小のパーティーもあり、大幅に伸びている。
,,○,スーパー（統括）,,"・ここ数か月間の中で、客数の伸びが一番大きい。
・１品単価は下げ止まっており、客単価は上昇傾向にある。特に、衣料品が好調である。"
,,○,通信会社（社員）,,・ｉモード等の人気により携帯電話の新規販売数、機種変更数は順調に伸びており、客の購買意欲は若干高まっている。
,,○,その他サービス［自動車整備業］（事務長）,,・車歴９年に近づきつつある古い車の車検が増加している。
,,○,住宅販売会社（経営者）,,・土地、住宅販売の広告を出したが、３か月前と比べて極端に問い合わせ件数が多くなっている。具体的に購入を検討している客も増加している。
,,□,百貨店（販売促進担当）,,・売上は前年並みに推移しているが、例年になく気温が低いため、防寒衣料は好調である。
,,□,コンビニ（店長）,,・新製品がいくつか出たが、以前と比べてあまり良くない。これまでは新製品というだけで売れたが、最近はなかなか売れない。
,,□,乗用車販売店（経営者）,,・客の購買意欲は相変わらず低迷している。イベントをしても客集めにはなるが、売上にはつながらない。新型車も長続きはせず、売れたとしても利益は低い。21世紀を迎え「今年は」という気持ちがあったが、やはり「今年もか」という感じが強い。
,,□,都市型ホテル（スタッフ）,,・市内企業で倒産が相次ぎ、倒産の記事が日常的に新聞に載っている。
,,□,タクシー運転手,,・新年会の客は例年の３割程度で、電車のあるうちに帰ってしまうため、深夜のタクシー客がいない。
,,□,通信会社（営業主任）,,・客はインターネット等の通信費は使うが、他のことには使わない。
,,□,ゴルフ場（支配人）,,・例年であれば正月は予約で一杯だが、今年は誘客をして、ようやく一杯になった。
,,▲,コンビニ（店長）,,・前年比の売上、来客数が２、３か月前までは93～94％で推移していたが、今月は売上88.3％、来客数91.3％で、一段と景気の冷え込みを感じる。
,,▲,衣料品専門店（統括）,,"・１月２日に初売、９日にだるま市があったが、年々人出が悪くなっている。
・消費者に購買意欲がない。"
,,▲,乗用車販売店（従業員）,,"・雪が多いため来客数は減少している。
・商談が長引いている。"
,,▲,旅行代理店（従業員）,,・前年のＹ２Ｋ対応の反動で期待されていた年初だが、良かったのは三が日、連休のみで、全体ではやや悪くなっている。
,,×,商店街（代表者）,,・例年であれば、正月の売上にはお年玉にもらった新券がたくさん入るが、今年はほとんどなく、売上も少なかった。お年玉も少なかったのではないか。
,,×,コンビニ（店長）,,・例年三が日には客が非常に多いが、今年は平日よりも少なかった。
,,×,衣料品専門店（販売担当）,,・毎年、1月半ば～２月にかけて人出が悪く、業界も暇な時期であるが、今年は天候の影響もあり、来街者、来客数が大幅に減少している。
,,×,美容室（店長）,,・大雪の影響で来客数が減少している。
"企業
動向
関連

(北関東)",,◎,＊,＊,
,,○,その他サービス業［情報サービス］（経営者）,,・受注量、仕事量の増加傾向が続いている。
,,□,一般機械器具製造業（経営者）,,・新規受注品が徐々に立ち上がりつつあるが、従来品が多少減少傾向にあるので、相殺されて変わらない。
,,□,金融業（融資担当）,,・店頭で融資の一部繰上げ返済の相談が相変わらず多く、資金を消費ではなく、返済に当てている。
,,□,新聞販売店［広告］（総務担当）,,・ホームセンター、量販店では、大雪で雪かきグッズ、長靴、手袋、融雪剤の売上が著しく伸びているが、その他の商品には波及していない。
,,▲,電気機械器具製造業（経営者）,,・取引先が在庫調整を行っているため、１～３月には発注量を相当絞られて困っている。３月の受注量はゼロである。
,,▲,輸送業（統括）,,・年末は荷動きの量が多く、年初にも期待していたが、長続きしなかった。
,,×,建設業（総務担当）,,・ゴルフ場関係の仕事で、雪が多く降ったため20日以上営業ができず、収入がゼロである。
,,×,経営コンサルタント,,・新年になっても中堅の不動産業が倒産するなど、底辺の実態経済の悪さは変わらない。企業業績の二極化の中で、新事業、新サービスに着手するものはわずかであり、売上や利益が上がらないと訴える声が支配的である。
"雇用
関連

(北関東)",,◎,－,－,
,,○,人材派遣会社（経営者）,,・派遣需要は引き続き手堅く推移し、業務によっては人手不足になっている。
,,○,職業安定所（職員）,,・地域の有効求人数が増加しており、有効求職者数及び雇用保険受給者数が減少しているため、有効求人倍率は改善しつつある。業種によってばらつきはあるものの、特に製造業での求人が増加している。今まで好調であったIＴ関連には一服感がある。
,,□,学校［短期大学］（就職担当）,,・求人は退職者の補充程度である。
,,▲,職業安定所（職員）,,・求人件数、求人数ともに増加している反面、企業整理を行う事業所が多く、有効求職者数に占める雇用保険受給者の割合が高くなっている。
,,×,学校［専修学校］（就職担当）,,"・卒業生が就職した企業の倒産、工場閉鎖が相次いでいるため、来校する卒業生の求人斡旋希望者数が増加傾向にある。
・新旧年次の授業料納入が遅れ気味である。昼食を外食から弁当持参に切替えている学生が増えた。"
,,,,,
　４．南関東,,,,,
,,,,（－：回答が存在しない、＊：主だった回答等が存在しない）,
分野,,景気の現状判断,業種・職種,景気の現状に対する判断理由,
"家計
動向
関連

(南関東)",,◎,住宅販売会社（従業員）,,・正月休みに新春キャンペーン等のイベントを行ったことにより、住宅展示場や分譲地への来場者数が増え、契約数も増加している。
,,○,一般小売店［鞄・袋物］（従業員）,,・セールと新入学の需要増加により、商品の単価は12月と比べて２千円程度上昇している。
,,○,百貨店（買付担当）,,・セール待ちの買い控えで、セール初日から売上は好調であった。気温の低下でコートやブルゾンといった防寒衣料が売れたため、単価が上昇し、売上増加に貢献した。しかし、１月後半には、セールのネタ切れと気温低下による春物商材の販売不振で売上が減少している。
,,○,スーパー（店長）,,・年明けの売上動向をみると、販売促進に対する客の反応が良くなってきている。特に、今まで悪かった衣料品の売上が少しずつ増加してきている。
,,○,家電量販店（店員）,,・今年に入って、客が欲しいもの、興味を引くものが多数発表されており、売上はやや良くなっている。
,,○,乗用車販売店（営業担当）,,・新年に入ってから、例年の１月にはない車の販売台数を記録している。
,,○,一般レストラン（経営者）,,・客単価の上昇、家族連れの客の増加に加え、ケータリングが伸びたことにより、売上がやや増加している。
,,○,都市型ホテル（スタッフ）,,・宴会シーズンを迎え、普段利用しない客が増加している。
,,○,旅行代理店（従業員）,,・主に海外の個人需要が少しずつ増加している。
,,○,設計事務所（所長）,,・仕事の相談内容が住宅、倉庫の増築工事など、具体的な話になってきている。
,,□,商店街（代表者）,,・１月の前半は福袋等でかなり消費が伸びたが、その後はあまり良くない。
,,□,一般小売店［茶］（経営者）,,・毎月、月初めに定例特売日を設けているが、客からの特売日の問い合わせが増加している。
,,□,一般小売店［米穀］（経営者）,,・必要かつ納得できる商品だけを買うという客の購買姿勢が、依然として変わっていない。
,,□,一般小売店［衣料・雑貨］（経営者）,,・商店街で大型イベントを行ったが、売上は横ばいである。品質に裏付けられた安さをもつ、値ごろ品しか売れない。
,,□,百貨店（売場主任）,,・初売の時間延長、クリアランスの前倒しによる売上増はあるが、これらは前倒しで、実質的な売上は変わらない。
,,□,百貨店（企画担当）,,"・営業日数は増加しているが、来客数が前年並みにとどまっている。
・絵画など一部高額品が売れているが、全体的に客単価は上昇していない。"
,,□,百貨店（企画担当）,,"・10代、20代の若い客の来店が減少している。
・高額品の買上も減少している。
・食品は依然として堅調に推移している。"
,,□,百貨店（販売促進担当）,,・営業日数の増加、新規導入ブランドの成功などにより売上は好調である。しかし、来客数の増加に対して、購入単価は低下しており、必ずしも良くなっていない。
,,□,百貨店（企画担当）,,"・正月のクリアランス商戦立ち上がりは比較的順調であったが、３回の大雪で売上は厳しい状況にある。
・福袋の売上も例年に比べてやや悪い。"
,,□,百貨店（広報担当）,,・衣料品販売で苦戦した前年11、12月の反動で、正月の初売りは好調であった。これは消費の後倒しに過ぎず、シーズンを通じての売上は変わらない。
,,□,スーパー（統括）,,・年明け以降の冷え込みで、衣料品、特にインナー関係の動きは良いが、単価低下、来客数の減少が続いており、それをカバーするまでには至っていない。全体としての売上は変わらない。
,,□,スーパー（経営者）,,・最近、生鮮食品の価格が上昇し、相応の売上を達成しているが、売上が大きく上向く状況にはない。
,,□,衣料品専門店（経営者）,,・バーゲンの時期なので婦人服は安くて当たり前で、客は余分な買物はしていない。
,,□,その他専門店［眼鏡］（店員）,,・客数は前年比で90％台と相変わらず低迷している。新たな販売促進策を打ち出しているが、思ったほどの効果が出ていない。
,,□,一般レストラン（支配人）,,・歓送迎会等の予約が徐々に入り始めたが、予約数、客単価ともに、前年比でほぼ横ばいの状態である。
,,□,都市型ホテル（スタッフ）,,・３か月前と比べて、宴席が増加しているということもない。
,,□,タクシー運転手,,・年始に入り、前半に動きはあったものの、後半には頭打ちになっている。特に、中距離、遠距離の客の減少が目に付く。
,,□,通信会社（営業担当）,,・インターネットのすそ野は広がっているが、競争が激しくなっている。ケーブルテレビなどでは解約も出てきた。
,,□,遊園地（職員）,,・特別な企画、イベントを行うと客は増加するが、それ以外の場合、それほどの来場者がない状況が続いている。１月は特に天候が不順で、決して良くない。
,,□,その他レジャー施設［アミューズメント］（職員）,,・平日の集客の減少傾向に歯止めがかかっていない。各地のスキー場からもそうした声が届いており、客が有休を取りにくいためである。
,,□,住宅販売会社（従業員）,,・住宅の契約受注ベース、着工ベースともに変わっていない。
,,▲,一般小売店［靴・履物］（店長）,,・客は低価格の物を探しており、その傾向が以前に比べて強くなっている。
,,▲,一般小売店［パン］（従業員）,,・成人式の休みの変更で、月の中盤から後半への売上の伸びがみられない。
,,▲,スーパー（統括）,,・来客数は減少していないが、買上点数が１、２点確実に減少している。
,,▲,スーパー（店長）,,・買上単価の低下は依然続いているが、１月に入り来客数も減少気味である。
,,▲,コンビニ（経営者）,,・気温の低下に伴い、客数、客単価ともに低下している。
,,▲,コンビニ（経営者）,,・１月の客数は前年比でマイナスになっている。正月でお金を使ってしまったことや雪の影響がある。
,,▲,衣料品専門店（販売担当）,,"・冬物衣料を最終価格に値下げしているので、１人当たりの買上単価が低くなり、売上が伸びない。
・ミセスの客が対象なので、正月三が日の売上が少し減少している。"
,,▲,家電量販店（店長）,,・客は価格を最優先事項として商品を求めている。
,,▲,その他小売［雑貨卸］（経営者）,,・デジタルカメラは絶好調だが、銀塩フィルムと銀塩カメラが全く売れていない。
,,▲,一般レストラン（経営者）,,・雪の影響で来客数が減少しており、新年会などの予約状況も悪くなってきた。
,,▲,旅行代理店（従業員）,,・１月に入って、来客数は変わらないものの、安い商品が売れるようになったため、やや悪くなっている。
,,▲,通信会社（社員）,,"・ＩＳＤＮの販売は３か月前の約半分以下に鈍化している。
・割引サービスがいろいろ出ているが、通話回数もほぼ横ばいで変化していない。"
,,▲,その他サービス［学習塾］（経営者）,,・普通の授業とは別料金の「特別対策授業」を行っているが、「特別対策授業」を受ける生徒が毎月少しずつ減少している。
,,×,衣料品専門店（経営者）,,"・開店して５年たつが、最悪の売上である。
・商店街の中でも、廃業している店が多い。"
,,×,スナック（経営者）,,・来客数は減少し、客も仕事がないと話しているなど、明るい材料が全くない。
,,×,設計事務所（所長）,,・仕事が全くなくなっている。
"企業
動向
関連

(南関東)",,◎,－,－,
,,○,出版・印刷・同関連産業（営業担当）,,・１月には新規の会社設立が３件、増設による設立が３件と新会社の設立がやや増加してきており、印鑑や印刷の仕事が増えている。
,,□,食料品製造業（経営者）,,・相応の売上があった。他の店の話を聞いても、それほど悪くない。
,,□,プラスチック製品製造業（経営者）,,・変わったことがなく、給料も売上も横ばいである。
,,□,電気機械器具製造業（経営者）,,・10月と比較すると売上が20％低く、前年同様に悪い状況で変わらない。
,,□,通信業（所長）,,・１月の加入者は少し上向き加減になってきたが、完全に回復しているとは言いがたい。
,,□,不動産業（総務担当）,,・テナントによってスペースを拡大したり、極端に縮小したり、業種による景気の良し悪しがより鮮明になっている。
,,□,広告代理店（従業員）,,・組織の分社化、持ち株会社制度など世の中の仕組みが変わってきており、周辺の会社もかなり変化が激しく、不安感を持っている。
,,▲,繊維工業（経営者）,,・アパレルからの発注が非常に少なくなっており、春物、夏物もいまだに受注が少ない。
,,▲,一般機械器具製造業（経営者）,,・客はコストダウンの話でもちきりで、これでは利益が出ないと言っている。
,,▲,精密機械器具製造業（経営者）,,・良いところには仕事が集まっているが、全般的にみて思った以上に伸び悩んでいる。特に、高付加価値品を生産し、技術力のある企業は大丈夫であるが、それ以外は伸び悩んでいる。
,,▲,金融業（審査担当）,,・前向きな資金需要は依然少なく、赤字補填資金の借入申込が目立ち、資金繰りはやや悪化している。
,,▲,その他サービス業［情報サービス］（従業員）,,・各公共事業体、大学などにおいて、IＴ関係などの設備投資に関する様々な提案、相談があるが、１件当たりの金額が小さくなっている。
,,×,一般機械器具製造業（経営者）,,・仕事量の確保ができず困っている。
,,×,電気機械器具製造業（経営者）,,・大店立地法適用前に出店しようとする駆け込み需要で、前年末までは比較的忙しかったが、１月から急に注文が止まり、この５年間で最低の売上となりそうである。
,,×,通信業（経営者）,,"・受注は激減しており、増加する見込みがない。
・１月は資金も底をついてしまった。"
"雇用
関連

(南関東)",,◎,＊,＊,
,,○,人材派遣会社（社員）,,"・長期契約の終了案件がなかった。
・営業活動を積極的にしなくても、受注が多い。
・就業希望者が、いくつもの仕事の中から選択できる状況にある。"
,,○,職業安定所（所長）,,・３か月前と比較し、新規求職者は約35％の大幅な減少となっている。また、新規求人倍率は1.1倍から1.5倍と確実に改善されている。雇用保険受給者の人数も7.7％減少している。
,,○,職業安定所（職員）,,・新規求職者数が漸減しつつある。求人は横ばいなので、失業者が減少している。
,,□,人材派遣会社（社員）,,・求職者では若い人が来るが、自分の都合に合わせてできる仕事を選ぶため、就労先がなかなか見つからない。求人側も、若くて経験があり、給料は安いなど条件が厳しくなっているため、変わらない。
,,□,人材派遣会社（社員）,,・様々な業種で、勝ち組み、負け組みがはっきりしている。元気の良い中小企業でも、求人が増加している。
,,□,学校［専門学校］（教務担当）,,・コンピュータ関連企業からの求人は少ない。そこでは、正社員ではなく人材派遣会社からの求人が多く目立つ。
,,▲,職業安定所（職員）,,"・新規求職者数は、対前月、対前々月比で明らかに減少してきている。
・新規求職者に占める在職中の求職者の割合が、この３か月増加傾向で推移している。新規求職者に占める非自発的求職者の割合も、高止まり傾向で推移してきている。"
,,▲,職業安定所（職員）,,・雇用が増加している業種の範囲は狭く、全体的には減少気味である。
,,×,＊,＊,
,,,,,
　５．東海,,,,,
,,,,（－：回答が存在しない、＊：主だった回答等が存在しない）,
分野,,景気の現状判断,業種・職種,景気の現状に対する判断理由,
"家計
動向
関連

(東海)",,◎,－,－,
,,○,一般小売店［土産］（経営者）,,・５万円、10万円といった高額品と安い値打ち品に、客の金の使い方は二極分化されつつある。
,,○,百貨店（販売促進担当）,,・クリアランスセールは非常に好調で、価格に対してシビアな消費行動は続いているが潜在的な需要はある。
,,○,スーパー（店長）,,・年明けの寒波により冬物が良く売れている。
,,○,スーパー（店長）,,・平均客単価は２～３％増となっており、安全や健康に良い商品あるいは美味しいものなどのこだわり品と、安さを求めた商品との二極化がみられる。
,,○,乗用車販売店（経営者）,,"・平日の来客数がやや増加し、それに伴ってコンスタントな受注につながりつつある。
・低価格志向が強いものの高額商品も徐々に出始め、活気づきつつある。"
,,○,高級レストラン（スタッフ）,,・高級食材を使ったフェアに対する客の反応が良い。
,,○,スナック（経営者）,,・前年末は忘年会シーズンにもかかわらず活気のないまま終わっていたので新年会の予約もあてにしていなかったのだが、年始は予想以上に団体客が入り、客単価は低下したものの、来客数は増加している。
,,○,美容室（経営者）,,・客の話を聞いていると、余暇にレジャーに行くなど、かなり財布のひもが緩んでいる。
,,○,住宅販売会社（従業員）,,・入居に際し家電やインテリアを新規購入している客が目立つ。
,,□,商店街（代表者）,,・来客数は確実に増加しているが、客単価は相変わらず低下しておりなかなか上昇してこない。
,,□,一般小売店［土産］（経営者）,,・客の来店頻度、客単価が変わらない。
,,□,百貨店（売場主任）,,・バーゲン初日は客が殺到するが、引きが早く、買いたい物を買ったら帰るといった状況である。
,,□,百貨店（企画担当）,,・商品が値下がりするのを待って購入する傾向が続いている。春物商材も以前は店頭に出るとすぐ購入していた客も、今は暖かくなるまで買い控えている。
,,□,スーパー（店長）,,"・正月の営業日数の増加にもかかわらず、売上増につながっていない。
・買上のポイント制やセール企画をやっても客は冷静な目で買物をしている。"
,,□,スーパー（店員）,,・客の買物かごの中には、他店との価格比較をしたうえで、安くて良い商品ばかり入っている傾向にある。１円でも安ければ喜んで買物をしてくれる。
,,□,コンビニ（エリア担当）,,・売上面で前年割れ店舗が依然として増加している。
,,□,コンビニ（エリア担当）,,・異業種を含めた競合が激しくなり、弁当などの既存商品の売上は減少しているが、新しいゲームソフトなど付加価値が高い新商品で売上をカバーしている状態である。
,,□,衣料品専門店（販売企画担当）,,・一時的に良くなっているようにもみえるが、全体的にはあまり動きはない。
,,□,家電量販店（店長）,,"・来客数の増加が見込めず、客単価の上昇も見込めない。
・低価格商品の買い回り客が非常に多くなっている。"
,,□,乗用車販売店（営業担当）,,・今年に入り、イベントの来客数が増加していない。
,,□,その他小売［総合衣料］（店員）,,・冬物セールによる衣料品の購買はあるが、客単価が低下している。
,,□,観光型ホテル（スタッフ）,,・会議やセミナーでの利用客は増加しているが、一般の宿泊客や食堂利用客は依然として前年並みの低迷状況が続いている。
,,□,旅行代理店（従業員）,,・引き合い数は増加しているものの、価格の低下は依然として続いている。
,,□,通信会社（社員）,,・インターネットへの接続はかなり増加しているが、通信量の変化はほとんどない。
,,□,テーマパーク（職員）,,・特に上向いている要素も下向いている要素もないが、客の購買態度は依然として低調である。
,,□,パチンコ店（店長）,,・集中豪雨後の３か月前に比べ稼動は良くなっているが、全体的な客単価は上昇していない。
,,□,その他サービス［パチンコ機器製造販売］（エリア担当）,,・パチンコ業界全体で店舗改装や新規出店がなく、小さな改装の数をこなしてしのいでいる。
,,□,住宅販売会社（総務担当）,,・賃貸住宅は、地価下落や家賃相場の低下から依然として冷え込んでいる。
,,▲,一般小売店［惣菜］（営業担当）,,・法人関係の贈答品購入の不調に加えて、年賀商品や成人式のお返し、寒中見舞いなど個人消費も例年より控える傾向にある。
,,▲,コンビニ（経営者）,,・年末から年明けにかけての売上が最悪で、良くなる気配もない。
,,▲,コンビニ（エリア担当）,,・年始の来客数が減少している。
,,▲,家電量販店（経営者）,,・客単価の低下が、数量の伸びよりはるかに大きく影響している。
,,▲,乗用車販売店（従業員）,,・新車を契約する際、昔なら若者はクレジットを組む人が多かったが、今は親が肩代わりし一括で支払うケースが増えている。借金をできるだけ減らそうとする傾向がある。
,,▲,住関連専門店（営業担当）,,・マンションだけは良いが、持家、民間工事、公共工事が減少しており、下請からゼネコンまで価格競争が激烈で体力勝負となっている。
,,▲,高級レストラン（経営者）,,・新年会の予約が非常に少なく、立食パーティーで済ませたり、中止したりする所が多い。
,,▲,スナック（経営者）,,・新年会があっても、二次会に流れる客が少ない。
,,▲,旅行代理店（営業企画担当）,,・レジャー消費へ向かう余力がなく、悪いニュースにも影響され、特定層以外の動きが落ちてきている。
,,▲,タクシー運転手,,・今年は寒さが厳しいため通常ならタクシーに乗る人が増えるはずだが、客は一向に増えない。
,,▲,テーマパーク（職員）,,・前年末は良くなりかかったが、１月の来客数は前年比70％に減少しており、天候事由だけなく世の中の不景気感に影響されている。
,,▲,ゴルフ場（経営者）,,・来客数の減少が続き、少しでも安く済むようなシビアな対応が目立つ。
,,▲,設計事務所（経営者）,,・客が商談に慎重で、一つの仕事が完了するまで時間がかかる。
,,▲,住宅販売会社（企画担当）,,・契約件数、着工件数が約３分の１に落ち込んできている。
,,×,商店街（代表者）,,・年末年始の売上が非常に減少している。元旦からスーパーが営業したり、成人式が早まったりするなど、通常のパターンが崩れ、客の消費に不安定さが出ている。
"企業
動向
関連

(東海)",,◎,司法書士,,・会社の設立や増資、土地の売買などの件数が増加している。
,,○,輸送用機械器具製造業（工務担当）,,・市場規模が前年よりも拡大し、当社の生産台数も高めで安定している。
,,○,輸送業（エリア担当）,,・中部国際空港等のプロジェクトが始まっており、末端の企業にも良い影響が出てきている。
,,□,食料品製造業（企画担当）,,・売上が回復基調の商品も一部あるが、全体的には販売単価が依然として厳しく、良くも悪くもなく混沌としている。
,,□,輸送用機械器具製造業（企画担当）,,・ちょっとしたリース案件に関しても、以前に増して多くの業者から引き合いがきており、全体の案件数が少ない感がある。
,,□,建設業（総務担当）,,・仕事が取れない状況は変わらず、取引先の倒産も見受けられる。
,,□,金融業（企画担当）,,・大企業の下請になる中小企業は、依然として非常に厳しい価格を迫られている。
,,□,税理士,,・建設業や電気、空調工事の受注が横ばいあるいは減少している。
,,▲,食料品製造業（経営者）,,・例年１月は15日を過ぎると活気が出てくるが、今年は問屋や納入業者、商社の販売や購買が弱っている。
,,▲,化学工業（総務担当）,,・操業度が少し低下している。
,,▲,非鉄金属製造業（総務担当）,,・同業者が廃業するとの噂を聞いている。
,,▲,電気機械器具製造業（経営者）,,・少額であっても手形で支払う取引先が増加してきており、また、12月から３月までの支払を10％カットさせてほしいといった取引先もある。
,,▲,輸送用機械器具製造業（経理担当）,,・得意先からの値引き要求に対して、経費削減の対応をしている。
,,▲,輸送業（エリア担当）,,・荷動きが悪くなっている。
,,▲,公認会計士,,・顧問料の延滞が発生する会社が少し増えてきている。
,,▲,公認会計士,,・繊維関係会社の業績があまりにも悪く、今後の希望が失せているようである。
,,×,食料品製造業（企画担当）,,"・需要低迷で倉庫が一杯であり、新規に借りようとしても借りられなくなっている。
・地元清酒メーカーの廃業の噂も相次いでおり非常に厳しい状況である。"
"雇用
関連

(東海)",,◎,－,－,
,,○,人材派遣会社（社員）,,・派遣の受注が増加しており、相変わらずスタッフ不足が続いている。
,,○,人材派遣会社（社員）,,・対面での販売が変化して電話とパソコンの取引が増加し、テレフォンコミュニケーターの需要が非常に多くなっている。
,,○,新聞社［求人広告］（担当者）,,・求人広告は好調で、特に１月は第４、第５週と前年比160％で推移している。
,,○,職業安定所（職員）,,・３か月前と比較して有効求人は2.8％増加、有効求職者は14.3％減少し、有効求人倍率は0.2ポイント上昇の1.18倍となり前月より0.07ポイント上昇している。
,,□,アウトソーシング企業（エリア担当）,,・IＴ関連の雇用は下降気味で、自動車関連は相変わらず好調である。食品関連もやや良い。下降業種と上昇業種でプラスマイナスゼロである。
,,□,新聞社［求人広告］（担当者）,,"・求人広告は前年比123％と好調だが、企業の贅肉落とし、体質の強化傾向は強まる一方で、雇用情勢の改善とはいえない。
・技術力や営業力の高い社員の募集はあっても、それ以外の募集は低調で、本格回復とはいい難い。"
,,□,職業安定所（職員）,,"・求人数は増加しているものの、求職者は高止まりとなっている。
・求人の増加が雇用に結び付かず、求人と求職のミスマッチの状況は相変わらずである。"
,,□,民間職業紹介機関（職員）,,・エンジニア系を中心とした求人は依然衰えていないが、採用が思うようにできないからであって、流動化は進んでいない。
,,▲,＊,＊,
,,×,－,－,
,,,,,
　６．北陸,,,,,
,,,,（－：回答が存在しない、＊：主だった回答等が存在しない）,
分野,,景気の現状判断,業種・職種,景気の現状に対する判断理由,
"家計
動向
関連

(北陸)",,◎,住宅販売会社（従業員）,,・年末年始の展示場への来場者数は例年に比べてわずかに増えており、来場者の反応も非常に良い。資金内容についても借入れの客が少ない。
,,○,一般小売店［鮮魚］（店長）,,・買上点数が増え、特売以外の商品も動き始めた。
,,○,乗用車販売店（総務担当）,,・大雪の影響で営業活動に支障はあったものの、イベントやショールームの来場者が大幅に増え、商談件数も増加している。特に高額な小型車の売行きが良い。
,,○,自動車備品販売店（従業員）,,・12月の買い控えの反動や、１月の大雪による冬季商品の売上拡大により、買上客数、買上客単価ともに前年同月を上回っている。
,,○,タクシー運転手,,・料金の値下げや料金の１割をスタンプで返すなどの営業努力から、客のムードは良くなっている。
,,○,通信会社（社員）,,・年明けにもかかわらず、携帯端末の売行きが順調に推移している。
,,□,一般小売店［果物］（経営者）,,・相変わらず、客単価が低く、買上点数が少ない。
,,□,スーパー（店長）,,"・初売り、冬物バーゲンなどにおいても、消費者の購買行動は依然として厳しい。
・正月は来客数が大幅に増加したが、買物目的より映画や子ども向けのイベント、ゲーム、抽選会など手軽な遊びに集中した。"
,,□,スーパー（店長）,,・客は必要最低限の物しか買わない。
,,□,スーパー（総務担当）,,・特売価格を下げることで、辛うじて来客数を確保し、売上を維持している。
,,□,コンビニ（エリア担当）,,・相変わらず、低価格志向が続いている。
,,□,乗用車販売店（経理担当）,,・大規模な新車のイベントを開催したが、来場者数、受注成約数とも前年よりわずかに減少している。
,,□,一般レストラン（店長）,,・新年会の１人当たり客単価が低く、売上が増加しない。
,,□,住宅販売会社（従業員）,,・受注は減少しているものの、正月の販売促進により、ある程度の集客は確保できている。
,,▲,商店街（代表者）,,・大雪の影響で来街者が一時的に落ち込み、売上が減少している。
,,▲,商店街（代表者）,,・身の回り品は低価格志向、買換え用の耐久消費財は買い控えとなっている。
,,▲,百貨店（営業担当）,,・大雪の影響で客足は百貨店へはほとんど向かなかった。冬物セールの時期に重なったため販売機会を逃し、大きなダメージを受けている。
,,▲,百貨店（営業担当）,,・半額にならないと絶対に買わない、安くならないと買わないなど、強い意志を持つ客がほとんどである。
,,▲,衣料品専門店（経理担当）,,・客単価の低下、来客数の減少が続いている。
,,▲,家電量販店（経営者）,,・ファンヒーターを中心とする冬物暖房器具が１月の寒さで一時的に売れているが、主力商品の大型カラーテレビ、ＭＤ搭載ステレオなどが大変不調である。パソコンもあまり良くない。
,,▲,家電量販店（店長）,,・競合店の価格攻勢で、高額商品ほど売行きが悪い。
,,▲,観光型旅館（スタッフ）,,・客単価は上昇してきたが、客数が伸びないため、売上が増加しない。さらに、大雪による予約客のキャンセルが大きな痛手となった。
,,▲,都市型ホテル（経営者）,,・消費単価は上昇しつつあるが、客数が増加しないため、売上全体では回復していない。
,,▲,都市型ホテル（スタッフ）,,・宿泊、レストラン、一般宴会の売上が前年同月を下回っている。
,,▲,競輪場（職員）,,・入場者数は変わらないが、１人１日当たりの車券購入金額が減少している。特に大口買いの客がほとんどいない。
,,▲,設計事務所（職員）,,・建築の箱物が全体に冷え込んだままで、客の反応も極めて慎重である。若干の引き合いが出たものの、受注には至らない。
,,▲,住宅販売会社（経営者）,,・新設住宅の受注及び着工が低迷している。
,,×,百貨店（営業担当）,,・値下げした冬物商材は多少売れたが、定価品の動きが悪い。
,,×,観光型旅館（経営者）,,・大雪のため、新年会や各種会合が取りやめになり、売上は前年に比べて２割近く減少した。
,,×,テーマパーク（職員）,,・利用者数は前年同期比で減少した。例年来場する客も、大雪の影響もあってキャンセルとなった。
"企業
動向
関連

(北陸)",,◎,－,－,
,,○,－,－,
,,□,食料品製造業（企画担当）,,・売れ筋商品と売れ筋価格帯に変化がみられない。
,,□,電気機械器具製造業（経営者）,,・取引価格の下落等により、売上が伸び悩んでいる。
,,□,通信業（営業担当）,,・携帯電話の新機種が発売されたが、前回の新機種の発売時に比べて、販売台数はあまり増加していない。客の購入態度もやや慎重である。
,,□,金融業（融資担当）,,・新年に入り、資金需要は一段落し、具体的な動きがない。
,,□,司法書士,,・相変わらず、特定債務調停事件や支払督促事件等が多い。
,,▲,建設業（総務担当）,,・建設工事物件の減少により受注競争が激しく、利益確保も困難な状況にまで悪化している。これまでの入札では６～７社であった業者数が、15～17社に大幅増加し、採算を度外視した会社も出てきている。
,,▲,輸送業（配車担当）,,・前年は定期運行の車だけでは不足することもあったが、今年は荷物が入らなかったため、定期運行の車でさえも２週間ほど動かなかった。
,,▲,通信業（営業担当）,,"・１月の売上はIＴ関連を中心に平常月より２割減少している。
・マイライン関連では、ユーザーは少しでも料金を抑える選択をしている。"
,,▲,不動産業（営業担当）,,・株価下落、流通業界の不振やリストラなどの情報により、経営者のマインドは一層冷え込み、設備投資に対して更に委縮している。
,,×,建設業（経営者）,,・前年のとやま国民体育大会が終わってから、舗装工事の発注が全く出なくなり、仕事はほとんどない状況である。今月になって、今年度３本目の土木工事がようやく受注できたという同業者もいる。
"雇用
関連

(北陸)",,◎,－,－,
,,○,新聞社［求人広告］（担当者）,,・中途採用の求人広告本数が２～３割程度増加している。
,,○,職業安定所（職員）,,・新規求人は、IＴ・情報産業に限らず、プラスチック、機械、運輸、小売の分野にもかなり拡大してきている。
,,□,求人情報誌製作会社（編集者）,,・アウトソーシング業界の求人ニーズが強く人手不足感はあるが、全体の求人件数等は横ばい状況である。
,,□,民間職業紹介機関（経営者）,,・一部のIＴ関連を除いて、企業の雇用は増加していない。
,,▲,人材派遣会社（社員）,,・業務多忙時の需要が減っている。
,,▲,職業安定所（職員）,,・企業整備による雇用保険受給者が増えている。
,,▲,学校［大学］（就職担当）,,・例年この時期には欠員補充を新卒者で行う企業からの問い合わせが20件前後あったが、今年はわずか４件に激減した。
,,×,職業安定所（職員）,,・例年１月４、５日の来所者は比較的少ないが、今年は人数がかなり増加した。また、15、16日も大雪で交通機関がほとんど止まったにもかかわらず、かなりの人が仕事を求めて来所した。
,,,,,
　７．近畿,,,,,
,,,,（－：回答が存在しない、＊：主だった回答等が存在しない）,
分野,,景気の現状判断,業種・職種,景気の現状に対する判断理由,
"家計
動向
関連

(近畿)",,◎,乗用車販売店（営業担当）,,・月初に新型車が発表され、来客数が非常に増加している。ショールームに活気があり客の購入意欲を感じる。
,,○,百貨店（企画担当）,,・寒くなったこともあるが、クリアランスが好調に推移している。福袋等も好調な売行きを示した。
,,○,スーパー（経営者）,,・売上、客数、客単価ともにわずかではあるが改善している。
,,○,スーパー（店長）,,"・前年１月はＹ２Ｋ問題の影響で売上が低迷したが、今年は食料品を中心に持ち直している。
・寒波により衣料品等の動きが活発化している。"
,,○,家電量販店（企画担当）,,・オーディオ商品が伸び悩んでいるが、急に寒さが厳しくなったため暖房商品が好調に推移している。
,,○,乗用車販売店（経営者）,,"・新型車に少し動きがみられる。
・来客も天候が悪い割には良い。"
,,○,一般レストラン（経営者）,,・売上が増加傾向にあり、既存店の売上も久しぶりに前年を上回った。
,,○,都市型ホテル（スタッフ）,,・宿泊、レストランとも客単価は下落しているが、客数は伸びている。特に宿泊に関して見込みを大きく上回る人の動きが見受けられる。
,,○,旅行代理店（営業担当）,,"・卒業旅行の申込が始まり、２月の連休、３月の飛び石連休に、近場の低価格商品が中心だが、件数が増加している。
・ユニバーサル・スタジオ・ジャパンのプロモーションが効き始め、問い合わせが相次いでいる。"
,,○,その他レジャー施設［球場］（企画担当）,,・イベントの来客数が増加傾向にある。
,,○,住宅販売会社（営業担当）,,・受注はまだ非常に少ないが、引き合いが増加しており、客の動きはかなり活発になってきている。
,,□,商店街（代表者）,,・正月のバーゲンセールは例年になく好調であったが、バーゲン終了後、中旬から後半にかけて極端に悪くなっており、以前とあまり変わらなくなっている。
,,□,一般小売店［衣服］（経営者）,,・冬物バーゲンセールでも売上が伸びない。
,,□,百貨店（売場主任）,,・バーゲンでも客の購買動向は慎重で、まとめ買いする客もあまり見受けられない。
,,□,百貨店（売場主任）,,"・単価が下げ止まらず、購買点数に変化がないため、売上が減少している。
・セールも低調で、買い控えが顕著である。"
,,□,百貨店（経理担当）,,・正月の福袋が従来と同様に売れているが、その他の商品については月末やや売上が鈍ってきている。相変わらず高額品の動きが悪い。
,,□,スーパー（店長）,,・寒波による気温の低い日がしばらく続いたことから、一時的に防寒衣料や暖房用品が売れたが、本質的な消費傾向は変わらない。
,,□,スーパー（店長）,,・来客数は前年並みに回復しているが、依然客単価が下落傾向にある。
,,□,スーパー（店長）,,・パソコン、乾燥機付き洗濯機等のヒット商品を割り引くと、高額にもかかわらず良く売れるが、全体としては単価下落の傾向にある。
,,□,スーパー（経理担当）,,・客の購買意欲が依然上向かず、選択して商品を買っている様子が変わらない。
,,□,コンビニ（エリア担当）,,・既存店の１日当たりの平均販売額がほとんど横ばいである。
,,□,衣料品専門店（店長）,,・客は安いからではなく、必要だから買うという感じであり、買い方が慎重である。
,,□,一般レストラン（スタッフ）,,・良質で安価な商品の消費は増加しているが、粗悪で割高な商品の消費は減少している。
,,□,一般レストラン（スタッフ）,,・客数の減少傾向と、客単価の低下傾向が変わらない。
,,□,観光型旅館（団体役員）,,・消費単価は依然として低い。
,,□,都市型ホテル（スタッフ）,,・婚礼等の件数は増加しているが、客単価が低いため売上はあまり伸びていない。
,,□,旅行代理店（店長）,,・昼間来店する客は増加しているが、商品単価が低く、全体の売上の伸び率はあまり変わらない。
,,□,ゴルフ場（経営者）,,・今年は雪が多いため、客数、予約とも大幅に減少している。
,,□,その他住宅［展示場］（従業員）,,・住宅展示場の来場者数が前年比ほぼ横ばいで推移している。
,,▲,一般小売店［精肉］（経営者）,,・客単価及び買上点数が落ち込んでいる。
,,▲,百貨店（売場主任）,,・これまでは客数増、売上減の推移であったが、今月は客数、売上とも減少している。
,,▲,スーパー（店長）,,"・気温の低下で肌着、ファンヒーター等の季節商材に動きもみられるが、バーゲンによる低単価のため全体を押し上げるほどではない。
・アウトレット開店の影響により、客数が激減している。"
,,▲,衣料品専門店（総務担当）,,・バーゲンでもなかなか商品が売れない。
,,▲,乗用車販売店（営業担当）,,・従来であれば２、３月商戦に向けて来客数が増加するが、今年は逆に減少傾向にある。
,,▲,自動車備品販売店（従業員）,,・カーナビ等高額品の売行きが不振で、購買単価の低下が継続している。
,,▲,一般レストラン（店長）,,・例年に比べ、年末年始の客数が20～30％減少している。特に昼の客数が減少している。
,,▲,その他飲食［コーヒーショップ］（店長）,,・前年のそごう閉店による集客力の低下などで、売上が激減している。
,,▲,都市型ホテル（支配人）,,・中旬以降、レストランの売上の伸びがやや減少している。
,,▲,タクシー運転手,,"・個人客の利用金額は1,000円未満が多い。"
,,▲,ゴルフ場（経営者）,,・来客数は回復してきている気配もあるが、依然財布のひもは固く、単価は落ち込んでいる。
,,▲,その他住宅［情報誌］（編集者）,,・新築マンションのモデルルームへの来場者数がやや減少している。
,,×,商店街（代表者）,,・年末年始の売上は非常に悪く、人通りもなく開店休業の状態が続いている。
,,×,一般小売店［衣服］（経営者）,,"・大型店の進出により売上が徐々に悪化している。
・広告、バーゲン等に対する客の反応も悪い。"
,,×,コンビニ（経営者）,,・去年までは買上点数が減少していたが、今年に入ってからは１人当たりの来店回数が減少している。
,,×,衣料品専門店（店員）,,"・バーゲンで例年以上に安く商品を提供しているにもかかわらず、全く動きがない。
・売上が前年、一昨年の２割減となっている。"
,,×,その他専門店［医薬品］（店員）,,"・買上点数、客単価は減少傾向にある。
・特売をしても売れるのは当該商品のみで、客に他の商品を買おうとする購入意欲がない。"
,,×,競輪場（職員）,,・今月は過去にないワースト記録を幾度か記録し、非常に厳しい月であった。
"企業
動向
関連

(近畿)",,◎,経営コンサルタント,,"・受注状況が大変好調である。
・コンサルティング先の会社が好決算である。"
,,○,食料品製造業（経営者）,,・前年に比べ、取引先でじわじわと注文の引き合いが増えている。
,,○,プラスチック製品製造業（経営者）,,・新規の得意先が徐々に増加している。
,,□,出版・印刷・同関連産業（経営者）,,・客からの値引き要求が強く、引き続き採算を度外視した価格競争が続いている。
,,□,金属製品製造業（経営者）,,・受注価格は相変わらず低迷したままで、量的にも伸びていく気配がみえない。
,,□,一般機械器具製造業（経営者）,,・受注状況が悪く、販売価格も低い状態が変わらない。
,,□,電気機械器具製造業（企画担当）,,・販売チャネルごとのばらつきがあり、売上が安定しない。
,,□,輸送業（経営者）,,・物の流れは増加しているが、輸送単価の下落が続いている。
,,□,金融業（支店長）,,・一部の製造業において安定した運転資金の需要がある反面、飲食、遊技業等での赤字補填資金、返済猶予の申出等がある。
,,□,司法書士,,・１月ということで新事業の開始が幾つかあったが、全体的にみて変化があったとはいえない。
,,□,その他非製造業［自転車製造卸］（団体職員）,,・東南アジアからの輸入は増加の一途をたどっており、低価格志向は全くとどまらない様子である。
,,▲,食料品製造業（経営者）,,・売上が伸びないため、値引き販売が増加し、問屋からの値引き要請が急増している。
,,▲,繊維工業（団体職員）,,・年末の需要期が終わったが、季節的要因以上に出荷、受注量の落ち込みが大きい。
,,▲,金属製品製造業（経営者）,,・１～３月の値引き要請があり、製品価格は全般的に下落している。
,,▲,一般機械器具製造業（経営者）,,・受注量が徐々に減少している。
,,▲,電気機械器具製造業（経営者）,,・受注量が落ち込んでいる。
,,▲,広告代理店（営業担当）,,・テレビスポットなどの発注額の減少や解約が増加している。
,,×,＊,＊,
"雇用
関連

(近畿)",,◎,－,－,
,,○,人材派遣会社（社員）,,・人材派遣の派遣スタッフの利用が増加傾向にある。
,,○,民間職業紹介機関（支社長）,,・処理量は前月を下回るものの、前年比では前月同様、好調に推移している。
,,○,学校［大学］（就職担当）,,・求人動向からみて、企業の採用意欲はかなり強い。
,,□,人材派遣会社（社員）,,・企業の合併等で正社員の採用が手控えられている一方、派遣の需要は伸びている。
,,□,新聞社［求人広告］（担当者）,,・求人広告の申込件数はやや勢いが落ちてきたが、変わらない。
,,□,職業安定所（職員）,,・新規求人は増加しているが、求職者が減少しないため、変化がない。
,,□,職業安定所（職員）,,・新規求人数は伸びているものの、建設業に明るさがみられない。警備業からの求人をみても、建設現場の交通誘導等の仕事は少なく、ビルや事務所の保安、警備の求人が多い。
,,▲,職業安定所（職員）,,・新規求人数は前年11月まで継続的に回復してきたが、地域の景況感悪化による先行き警戒感もあり、前年末から減少傾向にある。
,,×,－,－,
,,,,,
　８．中国,,,,,
,,,,（－：回答が存在しない、＊：主だった回答等が存在しない）,
分野,,景気の現状判断,業種・職種,景気の現状に対する判断理由,
"家計
動向
関連

(中国)",,◎,衣料品専門店（地域ブロック長）,,・初売り福袋の大ヒットにより上向きに転じている。また、低価格商品はまとめ買いする客が増えてきている。
,,○,百貨店（営業担当）,,・紳士服、衣料雑貨が若干上向きである。
,,○,スーパー（店長）,,・来客数が2.5％増加し、販売単価が15円上昇している。
,,○,スーパー（店長）,,・消費者に購買意欲が出てきている。
,,○,家電量販店（企画担当）,,・消費動向や客単価に変化がない。
,,○,乗用車販売店（従業員）,,・初売り、土日のセールは計画通り推移しており、売上も良くなってきている。
,,○,高級レストラン（スタッフ）,,・前月同月比で来客数、売上がやや良くなってきている。
,,○,通信会社（社員）,,"・携帯電話の新機種発売で来客数が増加している。
・客は高価な商品も買う。"
,,○,パチンコ店（企画担当）,,・正月以降も順調に売上が伸びている。
,,○,住宅販売会社（経理担当）,,・モデルルームへの来場者が３か月前に比べて増加し、今月は契約数が上向いている。
,,○,住宅販売会社（営業担当）,,・住宅販売の棟数が少しずつ伸びている。
,,□,商店街（代表者）,,・初売りのバーゲンにもかかわらず、来客数、客単価ともに伸びていない。
,,□,百貨店（販売促進担当）,,・福袋商戦も以前の勢いがなく、ブランド品は中身が良くないと見向きもされない状況である。
,,□,百貨店（売場担当）,,・前月末に近郊の大手百貨店が閉鎖された影響で、時期外れの商品を値下げして売るクリアランスは良かったが、現在は客単価、来客数ともに鈍り、３か月前と比べて変化がない。
,,□,百貨店（売場担当）,,・日用品は堅調に推移しているが、衣料品やし好品を客が購入しない。
,,□,スーパー（店長）,,"・来客数には変化がないが、客単価が低下している。
・安いからといって、客は余分な物は購入しない。"
,,□,衣料品専門店（地域ブロック長）,,・成人式のスーツを求める客が少なく、福袋の売上も悪い。
,,□,衣料品専門店（店長）,,・来客数や客単価に変化がない。
,,□,家電量販店（副店長）,,・ＢＳデジタル商品は売れているが、その反面、ＯＡ商品が売れていない。
,,□,乗用車販売店（店長）,,・相談件数は多くなっているが、契約に結び付くとは限らない。
,,□,自動車備品販売店（店長）,,・寒さの影響で冬季商品が売れたが、その他の商品は売れていない。
,,□,通信会社（企画担当）,,・来客数や使用料など特に大きな変化がない。
,,□,通信会社（社員）,,・加入状況に変化がない。
,,□,美容室（経営者）,,・今年の１月は例年と比べて多くもなく少なくもない。
,,▲,商店街（代表者）,,・来客数が減少している。
,,▲,一般小売店［菓子］（経営者）,,・ますます客単価の低下がみられる。
,,▲,百貨店（売場担当）,,・低価格に反応するミセス客の購買意欲が低迷しており、ブーツに対する反応が鈍い。
,,▲,スーパー（店長）,,・各社とも元日、２日からの営業が目立ち、折込広告への掲載価格が安くなっている。また、買上点数が落ちてきている。
,,▲,スーパー（店員）,,・安売りを実施しているスーパーで客が買物をするようになり、平日の売上が明らかに減少している。
,,▲,コンビニ（エリア担当）,,・セールの広告が多く、30～50代の主婦層の来客数の減少や客単価の低下がある。
,,▲,乗用車販売店（統括）,,・１月は新型車が発売されたにもかかわらず、来客数が減少している。
,,▲,住関連専門店（広告企画担当）,,・客が安い商品を買う傾向がある。
,,▲,その他専門店［贈答品］（店員）,,・香典返しが、半分から３分の１へと減ってきている。
,,▲,一般レストラン（店長）,,"・生保、損保関係の客が減り、製造業関係の客が増えるなど、客の偏りが顕在化している。
・客単価が低下している。"
,,▲,スナック（経営者）,,・客の話によると、取引先の倒産、納品業者の減少により日曜日も営業に回ることがある客がいる。
,,▲,タクシー運転手,,・帰宅時間が早いため、夜間の利用客が少ない。
,,×,家電量販店（店長）,,・客単価が低下し、売上を確保するのが困難な状況である。
,,×,観光型ホテル（スタッフ）,,・団体客や地元企業の利用が極端に減少している。
,,×,都市型ホテル（スタッフ）,,・例年より新年会の利用が激減している。
"企業
動向
関連

(中国)",,◎,農林水産業（従業者）,,"・漁獲高で2,422トンの増加、金額では２億4,000万円の大幅増加となっている。
・浜田漁港の８～９割を占める巻き網船の水揚げ（アジ、サバ、イワシ等近海物）が増加している。"
,,○,輸送業（営業担当）,,・企業から個人への輸送が増加している。また、個人の購買意欲の増加が物流に反映している。
,,○,広告代理店（営業担当）,,・通信、IＴ企業が堅調だが、大手自動車メーカーのリストラの影響も受けている。
,,□,木材木製品製造業（経理担当）,,・３か月前と比べて、住宅着工や販売価格に変化がない。
,,□,一般機械器具製造業（総務担当）,,・受注状況に変化がない。
,,□,電気機械器具製造業（広報担当）,,・主要商品の販売の低下が続いている。
,,▲,窯業・土石製品製造業（営業担当）,,・最大顧客の高炉メーカー、新規顧客の電子部品メーカーともに生産量が減少し、販売量が伸び悩んでいる。また、同業他社との競争が激化している。
,,▲,非鉄金属製造業（経理担当）,,・主力商品がユーザーの不調により予想以上の落ち込みをみせている。
,,▲,金属製品製造業（総務担当）,,・会社の操業度が５％下がっている。
,,▲,不動産業（経営者）,,・金融機関との融資関係が難しいとよく聞く。
,,×,鉄鋼業（総務担当）,,・設備投資関連の客からの注文が減少し、IＴやエレクトロニクス関係の客の注文が減少している。
,,×,輸送用機械器具製造業（経理担当）,,・客からの注文が急激に減少している。
"雇用
関連

(中国)",,◎,－,－,
,,○,学校［大学］（就職担当）,,・春期の求人数が増加している。
,,□,人材派遣会社（経営者）,,・人材派遣業は堅調に推移しているが、正社員の雇用には企業が依然慎重であり、厳しい状況が続いている。
,,□,職業安定所（職員）,,・求人数は増加傾向だが、求人は雇用期間を定めたものやパートが多く、製造業の求人は10月から減少している。
,,▲,求人情報誌製作会社（編集者）,,・各企業とも採用に積極的でない。
,,▲,職業安定所（職員）,,・新規求人数が前年同月比で16か月ぶりにマイナスなっている。また、製造業はIＴ関連を中心に勢いがあったが、最近はなくなってきている。
,,▲,新聞社［求人広告］（担当者）,,・中途採用を募集したが、悪条件にもかかわらず、多くの人が希望を出している。
,,×,－,－,
,,,,,
　９．四国,,,,,
,,,,（－：回答が存在しない、＊：主だった回答等が存在しない）,
分野,,景気の現状判断,業種・職種,景気の現状に対する判断理由,
"家計
動向
関連

(四国)",,◎,－,－,
,,○,百貨店（営業担当）,,・バーゲンやクリアランスセールに活気がみられ、購買意欲がうかがえる。
,,○,コンビニ（店長）,,・客単価は変化ないが、客数は増加しており、客からも忙しくなっているという声を聞く。
,,○,家電量販店（店長）,,・１月の売上が前年比108％と増加している。
,,○,乗用車販売店（営業担当）,,・ウィークエンドフェアを開いているが、１月は最近にない来客数があり、新車の契約も一番成果が上がった。
,,○,旅行代理店（経営者）,,・団体客は１月ということもあって非常に少ないが、海外旅行は前年実績を大きく上回っている。
,,□,一般小売店［菓子］（販売担当）,,"・正月とハッピーマンデーの３連休に期待したが、客数はむしろ減少した。
・目的買い以外の買物があまりない。"
,,□,百貨店（営業担当）,,・冬物商材の値下げ後も、すぐには必要としない商品の購入は少なく、目的買いの域を脱していない。
,,□,百貨店（販売促進担当）,,・買う場所をあらかじめ決めるなど、完全に計画購買に入っており、非常に財布のひもは固い。
,,□,百貨店（企画担当）,,・福袋やクリアランスセールなどは好調である。
,,□,スーパー（企画担当）,,・衣料品を中心に動きは良いが、単価の低下で売上はあまり変わらない。
,,□,スーパー（経営者）,,・既存店の売上は１月28日現在で前年比6.7％減であり、３か月前と比べても良くなってはいない。
,,□,スーパー（店長）,,・安い物を求めてあちこちスーパー回りをするという客の購買パターンは変わっていない。
,,□,衣料品専門店（店長）,,・買う商品は必要最低限のもので、余分なものはあまり買わない傾向にある。
,,□,家電量販店（営業担当）,,・映像関連などの新製品に動きはあるものの、それ以外の物は低価格の商品を選択している。
,,□,乗用車販売店（従業員）,,・新車が出たにもかかわらず、来客数は増えていない。
,,□,乗用車販売店（従業員）,,・新型車への買換えをアプローチしても、反応が悪い。
,,□,その他専門店［酒］（経営者）,,・売出し中にもかかわらず、購買単価が低い。
,,□,高級レストラン（スタッフ）,,・新年を迎えたが、来客数はあまり伸びていない。
,,□,観光名所（経営者）,,・旅行会社のツアーが集客できず、中止されることが多い。
,,□,設計事務所（職員）,,・仕事の受注量が増えていない。
,,▲,商店街（代表者）,,・バーゲンセールはマンネリ化と低価格志向の定着化により、盛り上がりに欠けた。
,,▲,スーパー（店長）,,・寒さの影響で、衣料品は若干売れているが、食品についてはあまり良くない。
,,▲,衣料品専門店（経営者）,,・例年よりも早くセールをスタートしたが、中だるみし、後半も伸び悩んだ。
,,▲,乗用車販売店（管理担当）,,・金額について非常に細かくなっており、車検時の引取料500円を徴収するなら他社へ入庫するという話もあった。
,,▲,その他専門店［ＣＤ］（店員）,,・客の買い控えが増えてきており、単に安いから多く買うという傾向が徐々にみられなくなっている。
,,▲,スナック（経営者）,,・忘年会も少なかったので、新年会に期待したが厳しく、節約ムードが続いている。
,,▲,都市型ホテル（経営者）,,・固定客層の利用が若干下向きになっており、客単価についてもかなりシビアである。
,,▲,タクシー運転手,,・前年12月から100円バスが運行され、その影響が出始めている。
,,▲,通信会社（営業担当）,,・新商品の発売を間近に控え、一層買い控えが増えており、販売数は減少している。
,,▲,通信会社（営業担当）,,・最近、電話の休止や廃止が多くなっている。
,,▲,通信会社（社員）,,・料金を支払えず遅れて入金する人が約10％増えている。
,,▲,競艇場（職員）,,・入場者数、１人当たりの購入額が減少している。
,,▲,住宅販売会社（従業員）,,・受注棟数もやや落ち、１棟当たりの金額も低下している。
,,×,商店街（代表者）,,・大型店の出店により、商店街の景気は悪くなっている。
,,×,一般小売店［書籍］（営業担当）,,・２､３冊と衝動買いをしていた人が、目的の商品１冊しか買わない傾向にある。
,,×,一般小売店［乾物］（店員）,,・取引先の百貨店、スーパーの客が非常に少ない。
,,×,百貨店（売場主任）,,・大型ショッピングセンターの出店により、婦人服、ヤングの部門では、来客数が前年比20％以上減少している。
,,×,コンビニ（経営者）,,・客単価は前年比95％を切って、90％台に近づいている。
,,×,通信会社（企画担当）,,"・携帯電話の客の買換えが非常に減少傾向にある。
・通話料をみると利用頻度が落ちている。"
,,×,ゴルフ場（従業員）,,・来場者数が減少しており、客の消費単価も下がっている。
"企業
動向
関連

(四国)",,◎,－,－,
,,○,金融業（融資担当）,,・企業の経費削減が進み、収益性がやや良くなってきている。
,,□,農林水産業（販売担当）,,・量販店の販売単価がなかなか上がらず、また上がっても生産者には反映されない。
,,□,一般機械器具製造業（経理担当）,,・設備投資に対する考え方が依然慎重である。
,,□,電気機械器具製造業（経営者）,,・特別忙しいというわけではないが、満遍なく仕事はある。
,,□,建設業（経営者）,,・取引先の下請業者の中にも、資金繰りの悪い所が数社あり、相変わらず安値受注が続いている。
,,□,輸送業（配車担当）,,・車の稼働率が非常に悪い状況が続いている。
,,□,不動産業（従業員）,,・稀少物件に関する問い合わせはそこそこあるが、普通の物件に対しての問い合わせは今一つである。
,,▲,繊維工業（経営者）,,・輸入品が前年から２割ほど増えており、厳しい状態が続いている。
,,▲,パルプ・紙・紙加工品製造業（経営者）,,・受注状態が悪くなっている。
,,▲,一般機械器具製造業（経理担当）,,・クレーンのチャーター料金は低迷が続いており、購買意欲に結び付かない。
,,▲,広告代理店（経営者）,,・地元百貨店の民事再生法の申請により、消費低迷の印象が深まり、売掛金回収不安が出ている。
,,×,家具製造業（営業担当）,,・円安により、輸入原材料の価格上昇という状況になりつつある。
,,×,公認会計士,,・12月の決算法人等の売上が前年比で約7.5％減少している。観光、建設関係は非常に悪い数字が出ている。
"雇用
関連

(四国)",,◎,－,－,
,,○,－,－,
,,□,人材派遣会社（支店長）,,・技術関係などの特殊なものは増えているが、一般的な事務の件数は減っている。
,,□,職業安定所（職員）,,・新規求人は増加し、一般、パートとも３か月前と同水準になってきたが、小規模事業所が相次いで閉鎖、廃業に追い込まれている。
,,□,職業安定所（職員）,,・相変わらず、雇用調整等が行われている。
,,□,職業安定所（職員）,,・有効求職者数がほぼ横ばいで推移している。
,,▲,求人情報誌製作会社（編集者）,,"・様々な企業で一層のリストラが進行している。
・販売会社を統合するという話もよく聞く。"
,,,,,
　１０．九州,,,,,
,,,,（－：回答が存在しない、＊：主だった回答等が存在しない）,
分野,,景気の現状判断,業種・職種,景気の現状に対する判断理由,
"家計
動向
関連

(九州)",,◎,＊,＊,
,,○,スーパー（総務担当）,,・今まで不調だった衣料品が、気温が下がったことと、処分期に重なったことで、幾分上向き傾向になってきている。
,,○,衣料品専門店（経営者）,,・９月から11月までの３か月は売上が前年比10～15％の割合で減少していたが、12月が５％、１月は３％の落ち込みで止まっている。
,,○,家電量販店（企画担当）,,・売上がほぼ前年を上回って推移している。
,,○,乗用車販売店（総務担当）,,・１月に発表になった新車がそこそこの受注をあげており、日曜日の来店客数も多く感じる。
,,○,自動車備品販売店（従業員）,,・高額商品の動きが良くなっていることに加え、高額の現金支払が多くなっている。
,,○,観光型ホテル（スタッフ）,,・宴席自体が３か月前に比べるとかなり多くなっている。
,,○,パチンコ店（店員）,,・予想に反し天候不順のため、来店客数、売上ともに増加している。
,,○,競輪場（職員）,,・単価は決して上がっていないが、来場者数は増加してきている。
,,□,商店街（代表者）,,・商店街でも初売りは客が多く良いスタートを切れたが、成人式が今年は８日に終わったこともあり、その後は商店街も人通りが少なく活気がない。
,,□,商店街（組合職員）,,・来街者が減少し、１月に入って廃業した店が数軒ある。
,,□,一般小売店［精肉］（経営者）,,・年末のお歳暮商戦が終わり、客単価、来客数も平常に戻ってきたためあまり変動はない。
,,□,百貨店（販売促進担当）,,"・年明け後の初売は福袋を中心に顧客の購買意欲も旺盛で、店頭での売行きは活発化したものの、例年と違い、福袋も3,000円、5,000円といった中間価格に集中し、現場からみて、依然として個人消費に力強さが伝わってこない。"
,,□,百貨店（営業担当）,,・１月のクリアランスの立ち上がり、初売りの福袋は非常ににぎわいがあったが、それが終わるとまた落ち着いてしまう。
,,□,百貨店（営業担当）,,・月半ばくらいまでは回復の兆しもあったが、それ以降は天候の関係もあって、客足が遠のいている。
,,□,スーパー（店長）,,"・生活用品の売上をみると数量は前年並みを維持しているが、単価は下落傾向にある。
・生活に必要のないものは購入しない、又は我慢しており、少しでも単価の低いものを購入している。"
,,□,スーパー（総務担当）,,・今月に入って、気温も下がり冬物衣料は良く売れているが、基本的には以前と変わらず、低単価の商品が良く売れ、高額商品の動きは悪い。
,,□,スーパー（企画担当）,,・青果物の相場高騰にもかかわらず、売上、来客数ともにほとんど変わらない。
,,□,コンビニ（店長）,,・売上、来客数、客単価ともに前半は上昇したが、中旬から買い控えがあり、客の財布のひもが固くなっている。
,,□,家電量販店（店長）,,・デジタル関連商品は伸びてきているが、一般家電商品の売上が非常に悪い。
,,□,高級レストラン（経営者）,,・県外からの来客数の動きが変わらない。
,,□,都市型ホテル（スタッフ）,,・今月度は宿泊部門の稼働率が３か月前に比べると若干低めであるが、宴会・レストラン部門は10月度と比べると横ばい、若しくはやや良い。
,,□,タクシー運転手,,・客数も売上も変わらない。
,,□,通信会社（企画担当）,,・１月は例年、顧客１人当たりの通話料が低下するが、この落ち込みが今のところ、例年並みである。
,,□,テーマパーク（職員）,,・宿泊、アミューズメント、ゴルフ関係は今のところ横ばいである。
,,□,ゴルフ場（支配人）,,・年始めの一時期のみ天候にも恵まれ入場者数も伸びたが、その後は雪の影響もあり、ジリ貧状態である。
,,□,パチンコ店（店員）,,・今月は正月休み等があったので、当店では売上と利益が確保できたが、今後どうなるか分からない。
,,□,住宅販売会社（従業員）,,・土地の動きも少なく、建売仲介の問い合わせ等もあまり変わらない。
,,▲,商店街（代表者）,,・婦人衣料は客の出足が悪く、安くなったものしか出ていない。
,,▲,百貨店（売場担当）,,・初売りは新規大型店の開店と重なり10％台半ばの減少、中旬は大雪で大幅減、下旬はランタンフェスティバルの開催で来街者が若干増え売上増となった。１月全体では入店客数、売上ともに２けた減となり、購買率は上昇しているが１品単価、購買単価は過去３か月で最低である。
,,▲,百貨店（売場主任）,,・１月は営業日数を２日増やしたが、最終的には客数が増加していない。また客単価も下がっている。
,,▲,スーパー（店長）,,・売上商品の１品単価が相変わらず下がり続けており、買上点数も頭打ちの状態で、全体的に非常に厳しい。
,,▲,コンビニ（店長）,,・正月３が日に暇であったという店舗が多い。
,,▲,衣料品専門店（店長）,,・支払を夏のボーナスで行えるかという問い合わせが多い。現金を持たない客が多いようで、夏のボーナスが使えない場合は購入をしない客が多い。
,,▲,衣料品専門店（店員）,,・今年１月のバーゲンは売上、来客数ともに前年を割り、福袋も残ってしまった。
,,▲,住関連専門店（店長）,,・学習机等の売上はそこそこあるが、大型商材の動きが悪く、季節商材の暖房器具が寒波の影響で若干出たのみであり、全般的にバーゲン商品の動きが多く、まとめ買いも少ない。
,,▲,高級レストラン（スタッフ）,,・新年会の数は例年に比べて減っている。
,,▲,都市型ホテル（スタッフ）,,・前年同月に比べ宿泊稼働率はやや上がっているが、婚礼の予約件数は落ちてきている。
,,▲,旅行代理店（従業員）,,・３か月前と比べてかなり悪くなっており、年配の客についても昨今の景気の動向を気にしているのか、非常に下向きになっている。
,,▲,タクシー運転手,,・思うように客足が伸びず、特に昼からの客の入込状況が悪いため、売上が悪い。
,,▲,住宅販売会社（従業員）,,・展示場への来場者数が多く、また、土地の売出しの際にも来場者数は多いが、契約までは時間がかかっており、雇用不安の影響がうかがわれる。
,,×,スーパー（店長）,,・食品はまずまずであったが、衣料品はアウトウェアを中心に、今まで以上に単価と買上点数の落ち込みが激しい。
,,×,衣料品専門店（総務担当）,,・１月になって客数が更に減少し、チラシやコマーシャルが効かず、宣伝費は増加しているが、客足が確実に減少している。
,,×,都市型ホテル（スタッフ）,,・宿泊ほか全部門で、受注が少なく低調である。
,,×,設計事務所（所長）,,・同業者が２社廃業し、１社倒産した。
"企業
動向
関連

(九州)",,◎,－,－,
,,○,農林水産業（経営者）,,・１月は例年通りあまり伸びていないが、冷凍食品加工メーカー等は春先の新規商品の売り出しで活発化している。
,,○,建設業（従業員）,,・受注につながるかは別として、見積件数が以前と比較して増加している。
,,□,窯業・土石製品製造業（経営者）,,・恒例の展示会では成約は少なかったが、通常の受注については変わらない。
,,□,建設業（営業担当）,,・九州一円各分野より発注の話が上がってきており、発注者の意向も変わって自由な価格競争を求め門戸を広げているが、競争が厳しく受注に結び付かない。
,,□,金融業（調査担当）,,・マンションの売行きに陰りがみられ、供給過多の状況が続いており、回復基調は大手企業や一部の業種に限られている。
,,□,広告代理店（従業員）,,・折込チラシの状況が、３か月前くらいから良くなっており、それが継続している。
,,▲,電気機械器具製造業（経営者）,,・忙しい時は短納期の仕事や小さい仕事が、まとまった仕事の間に入るが、そうした仕事が入っていない。
,,▲,電気機械器具製造業（経営者）,,・半導体業界の金型は全国的にみて非常に受注が落ち込んでおり、実質的に半導体関連が下降気味ということがはっきりと出ている。
,,▲,精密機械器具製造業（経営者）,,・受注は変わらないが、ＩＣ関連が若干減少している。
,,▲,輸送業（従業員）,,・12月に営業が売上を上げるために商品を押し込んだため、返品が倉庫にあり、売りさばけなかった分が残っているので出荷が少ない。
,,▲,その他サービス業［リース］（従業員）,,・３か月前より契約の状況が悪くなっている。
,,×,建設業（総務担当）,,・家を建てる予定の人が仕事をやめ、計画がなくなったケースがある。
"雇用
関連

(九州)",,◎,民間職業紹介機関（支店長）,,・需要が以前よりも堅調に推移しており、年度末に向けて右肩上がりになる。
,,○,人材派遣会社（社員）,,・仕事の依頼が多くなってきている。
,,□,人材派遣会社（社員）,,・派遣のオーダー件数がやや落ち着いているおり、ほとんど変わっていない。
,,□,求人情報誌製作会社（総務担当）,,・中途採用のニーズが引き続き堅調に増加しているほか、企業の新卒への求人意欲も感じられる一方で、まだ就職が決まっていない大学生の数は減少していない。雇用のニーズはあるにもかかわらずミスマッチが起こっており、これは中高年に関しても同じである。
,,□,職業安定所（職員）,,・全体として有効求人倍率は改善しており、その原因は製造業、特にパソコンや携帯電話等の需要増に裏打ちされた電気機械器具製造業の大量求人によるものである。しかし、他の産業における求人意欲は前年や一昨年に比べると上昇しているが、顕著なものとはなっていない。
,,□,学校［専門学校］（就職担当）,,・求人については臨時職員やアルバイトの募集が多く、正社員を募集するところが少ない。
,,▲,求人情報誌製作会社（編集者）,,・消費の低迷を背景に卸小売業の中で、特に訪問販売業の倒産による失業者が増えているほか、売上不振のための転職者も目立ち、求人の傾向も欠員補充が中心である。
,,×,－,－,
,,,,,
　１１．沖縄,,,,,
,,,,（－：回答が存在しない、＊：主だった回答等が存在しない）,
分野,,景気の現状判断,業種・職種,景気の現状に対する判断理由,
"家計
動向
関連

(沖縄)",,◎,－,－,
,,○,スーパー（店長）,,・年明けに寒くなったため衣料品の客単価の大幅な低下が解消し、売上が前年並みに回復している。
,,○,スーパー（企画担当）,,・12月商戦の不振の反動と、新店舗オープンの相乗効果で、今までマイナスだった既存店ベースでも前年並みの売上を確保している。
,,□,商店街（代表者）,,・買物客が増えていない。
,,□,百貨店（総務担当）,,・初商いの福袋は目標通りだったが、それ以外、特に衣料品の低迷は続いている。
,,□,コンビニ（エリア担当）,,・客単価の低下が止まらず、依然として低価格品に移行しており、来客数の増加でカバーできても総体的な売上には結び付かない。利益が出ていない。
,,□,家電量販店（店員）,,・縦型乾燥一体型洗濯機や省エネ冷蔵庫といった話題性の高い商品が売れている反面、ＢＳデジタル関連商品を中心にＡＶ商品の売行きが悪く、全般的に足踏み状態にある。
,,□,その他専門店［書籍］（店長）,,・例年に比べると良くないが、前月と比べると幼児用書籍の購買は良くなっている。
,,□,観光型ホテル（スタッフ）,,・来客数は増えていても客単価が上昇していない。
,,▲,＊,＊,
,,×,商店街（代表者）,,・郊外では大型店の進出があり、小売店を辞める人も多く大変厳しい状況が続いている。
,,×,衣料品専門店（店員）,,・高級注文仕立てでは、これまで高級素材を中心としたオーダーが多かったが、価格の安いプリントものが増えており、かなり受注金額が低下している。
,,×,観光型ホテル（スタッフ）,,・会社組織、会社単位の旅行が少なかった。
,,×,都市型ホテル（スタッフ）,,・今月の売上と利益が３か月前に比べてレストラン、宴会、宿泊全てにおいて落ちており、先行きが非常に暗い。実際に来客数、客単価が下がっている。
,,×,観光名所（職員）,,・来場者数が激減している。
"企業
動向
関連

(沖縄)",,◎,－,－,
,,○,輸送業（総務担当）,,・今月は正月が新正月と旧正月と２回あることに加えて、大型店が相次いでオープンしている。
,,□,＊,＊,
,,▲,通信業（従業員）,,・インターネットを活用したいという案件は出始めているが、客の方も予算が確保できずに苦しんでいる状態なので、なかなか具体的なビジネスとして前に進めない。
,,×,－,－,
"雇用
関連

(沖縄)",,◎,－,－,
,,○,求人情報誌製作会社（総務担当）,,・求人件数がわずかながら伸びている。
,,□,－,－,
,,▲,学校［専門学校］（就職担当）,,・今月期待していた米軍や防衛庁関係の工事発注が思うように出てきていないほか、設計会社の受注状況も悪く、求人が前月より悪い。
,,×,－,－,
